dataset,cutoff_khz,matched_readout_change_pp,transfer_deficit_pp
MarmAudio,1,18.130622710622713,42.307692307692314
MarmAudio,2,15.566520146520146,25.274725274725284
MarmAudio,4,12.819267399267408,23.076923076923073
MarmAudio,6,1.4639560439560495,5.311355311355315
MarmAudio,8,0.548205128205137,-0.5494505494505586
Dogs,1,5.035971223021576,47.48201438848921
Dogs,2,1.4388489208633075,31.654676258992808
Dogs,4,1.4388489208633075,10.071942446043153
Dogs,6,3.597122302158269,-2.8776978417266292
Dogs,8,-2.1582733812949613,3.597122302158269
Watkins,1,14.159292035398224,64.30678466076697
Watkins,2,10.324483775811203,53.687315634218294
Watkins,4,2.359882005899692,14.749262536873161
Watkins,6,1.4749262536873147,4.129793510324475
Watkins,8,4.129793510324475,-2.6548672566371607
