path,n,accuracy,macro_f1,invalid_rate,gain_pp,repaired,harmed
F2/s20260914_full/from_full/continuous_pooled,97,0.26804123711340205,0.1586478118985859,0.0,0.0,2,2
F2/s20260914_full/from_full/fixed_mean,97,0.25773195876288657,0.16062074126590256,0.0,-1.0309278350515463,0,1
F2/s20260914_full/from_full/ridge_direct,97,0.8144329896907216,0.7820762733043435,0.0,54.63917525773196,56,3
F2/s20260914_full/from_full/shuffled_query_field,97,0.26804123711340205,0.16261808367071526,0.0,0.0,1,1
F2/s20260914_full/from_lp_1000/continuous_pooled,97,0.24742268041237114,0.1392563404947306,0.0,-2.0618556701030926,2,4
F2/s20260914_full/from_lp_1000/fixed_mean,97,0.24742268041237114,0.14815042315042315,0.0,-2.0618556701030926,0,2
F2/s20260914_full/from_lp_1000/ridge_direct,97,0.38144329896907214,0.3380081300813009,0.0,11.34020618556701,25,14
F2/s20260914_full/from_lp_1000/shuffled_query_field,97,0.24742268041237114,0.1437830687830688,0.0,-2.0618556701030926,1,3
F2/s20260914_full/native,97,0.26804123711340205,0.1652759948652118,0.0,0.0,0,0
F2/s20260914_lp_1000/from_full/continuous_pooled,97,0.15463917525773196,0.06894329896907216,0.0,1.0309278350515463,2,1
F2/s20260914_lp_1000/from_full/fixed_mean,97,0.12371134020618557,0.041666666666666664,0.0,-2.0618556701030926,0,2
F2/s20260914_lp_1000/from_full/ridge_direct,97,0.17525773195876287,0.12276258020938872,0.0,3.0927835051546393,12,9
F2/s20260914_lp_1000/from_full/shuffled_query_field,97,0.15463917525773196,0.08363201911589008,0.0,1.0309278350515463,1,0
F2/s20260914_lp_1000/from_lp_1000/continuous_pooled,97,0.17525773195876287,0.0747053872053872,0.0,3.0927835051546393,4,1
F2/s20260914_lp_1000/from_lp_1000/fixed_mean,97,0.12371134020618557,0.06068840579710145,0.0,-2.0618556701030926,0,2
F2/s20260914_lp_1000/from_lp_1000/ridge_direct,97,0.6082474226804123,0.571249495074683,0.0,46.391752577319586,48,3
F2/s20260914_lp_1000/from_lp_1000/shuffled_query_field,97,0.14432989690721648,0.04861111111111111,0.0,0.0,2,2
F2/s20260914_lp_1000/native,97,0.14432989690721648,0.0837719298245614,0.0,0.0,0,0
F3/qwen3b/s20260914_full/continuous_pooled,97,0.27835051546391754,0.18679762597105398,0.0,0.0,0,0
F3/qwen3b/s20260914_full/fixed_mean,97,0.28865979381443296,0.19360128836075674,0.0,1.0309278350515463,1,0
F3/qwen3b/s20260914_full/native,97,0.27835051546391754,0.18596742086026818,0.0,0.0,0,0
F3/qwen3b/s20260914_full/ridge_direct,97,0.845360824742268,0.8237238105659159,0.0,56.70103092783505,58,3
F3/qwen3b/s20260914_lp_1000/continuous_pooled,97,0.16494845360824742,0.06349206349206349,0.0,0.0,0,0
F3/qwen3b/s20260914_lp_1000/fixed_mean,97,0.15463917525773196,0.05319148936170213,0.0,-1.0309278350515463,0,1
F3/qwen3b/s20260914_lp_1000/native,97,0.16494845360824742,0.060616061606160614,0.0,0.0,0,0
F3/qwen3b/s20260914_lp_1000/ridge_direct,97,0.6907216494845361,0.6535829418808142,0.0,52.57731958762887,56,5
F3/qwen7b/s20260914_full/continuous_pooled,97,0.26804123711340205,0.1586478118985859,0.0,0.0,2,2
F3/qwen7b/s20260914_full/fixed_mean,97,0.25773195876288657,0.16062074126590256,0.0,-1.0309278350515463,0,1
F3/qwen7b/s20260914_full/native,97,0.26804123711340205,0.1652759948652118,0.0,0.0,0,0
F3/qwen7b/s20260914_full/ridge_direct,97,0.8144329896907216,0.7820762733043435,0.0,54.63917525773196,56,3
F3/qwen7b/s20260914_lp_1000/continuous_pooled,97,0.17525773195876287,0.0747053872053872,0.0,3.0927835051546393,4,1
F3/qwen7b/s20260914_lp_1000/fixed_mean,97,0.12371134020618557,0.06068840579710145,0.0,-2.0618556701030926,0,2
F3/qwen7b/s20260914_lp_1000/native,97,0.14432989690721648,0.0837719298245614,0.0,0.0,0,0
F3/qwen7b/s20260914_lp_1000/ridge_direct,97,0.6082474226804123,0.571249495074683,0.0,46.391752577319586,48,3
