source,target,n_test,accuracy_percent,target_reference_percent,target_referenced_deficit_pp
Full,Full,139,92.80575539568345,92.80575539568345,0.0
Full,LP1,139,40.28776978417266,87.76978417266187,47.48201438848921
Full,LP2,139,59.71223021582733,91.36690647482014,31.654676258992808
Full,LP4,139,81.29496402877699,91.36690647482014,10.071942446043153
Full,LP6,139,92.08633093525181,89.20863309352518,-2.8776978417266292
Full,LP8,139,91.36690647482014,94.96402877697841,3.597122302158269
LP1,Full,139,38.84892086330935,92.80575539568345,53.956834532374096
LP1,LP1,139,87.76978417266187,87.76978417266187,0.0
LP1,LP2,139,49.64028776978417,91.36690647482014,41.72661870503597
LP1,LP4,139,28.776978417266186,91.36690647482014,62.589928057553955
LP1,LP6,139,33.093525179856115,89.20863309352518,56.115107913669064
LP1,LP8,139,38.1294964028777,94.96402877697841,56.83453237410071
LP2,Full,139,70.50359712230215,92.80575539568345,22.302158273381295
LP2,LP1,139,43.884892086330936,87.76978417266187,43.884892086330936
LP2,LP2,139,91.36690647482014,91.36690647482014,0.0
LP2,LP4,139,74.82014388489209,91.36690647482014,16.54676258992805
LP2,LP6,139,71.22302158273382,89.20863309352518,17.985611510791358
LP2,LP8,139,72.66187050359713,94.96402877697841,22.30215827338128
LP4,Full,139,87.05035971223022,92.80575539568345,5.75539568345323
LP4,LP1,139,34.53237410071942,87.76978417266187,53.23741007194245
LP4,LP2,139,73.38129496402878,91.36690647482014,17.985611510791358
LP4,LP4,139,91.36690647482014,91.36690647482014,0.0
LP4,LP6,139,87.76978417266187,89.20863309352518,1.4388489208633075
LP4,LP8,139,87.76978417266187,94.96402877697841,7.194244604316538
LP6,Full,139,83.45323741007195,92.80575539568345,9.352517985611499
LP6,LP1,139,33.81294964028777,87.76978417266187,53.9568345323741
LP6,LP2,139,53.956834532374096,91.36690647482014,37.410071942446045
LP6,LP4,139,77.6978417266187,91.36690647482014,13.669064748201436
LP6,LP6,139,89.20863309352518,89.20863309352518,0.0
LP6,LP8,139,79.85611510791367,94.96402877697841,15.107913669064743
LP8,Full,139,92.80575539568345,92.80575539568345,0.0
LP8,LP1,139,37.410071942446045,87.76978417266187,50.35971223021583
LP8,LP2,139,74.10071942446042,91.36690647482014,17.26618705035972
LP8,LP4,139,85.61151079136691,91.36690647482014,5.75539568345323
LP8,LP6,139,91.36690647482014,89.20863309352518,-2.1582733812949613
LP8,LP8,139,94.96402877697841,94.96402877697841,0.0
